{
  "Get User" : {
    "transaction" : "Get User",
    "sampleCount" : 5846,
    "errorCount" : 5746,
    "errorPct" : 98.28943,
    "meanResTime" : 334.89069449196,
    "medianResTime" : 173.0,
    "minResTime" : 155.0,
    "maxResTime" : 11175.0,
    "pct1ResTime" : 285.8000000000011,
    "pct2ResTime" : 1186.0,
    "pct3ResTime" : 3174.0,
    "throughput" : 109.78403755868544,
    "receivedKBytesPerSec" : 91.37312940140845,
    "sentKBytesPerSec" : 20.906139964788732
  },
  "Total" : {
    "transaction" : "Total",
    "sampleCount" : 5846,
    "errorCount" : 5746,
    "errorPct" : 98.28943,
    "meanResTime" : 334.89069449196,
    "medianResTime" : 173.0,
    "minResTime" : 155.0,
    "maxResTime" : 11175.0,
    "pct1ResTime" : 285.8000000000011,
    "pct2ResTime" : 1186.0,
    "pct3ResTime" : 3174.0,
    "throughput" : 109.78403755868544,
    "receivedKBytesPerSec" : 91.37312940140845,
    "sentKBytesPerSec" : 20.906139964788732
  }
}