{
  "Get User" : {
    "transaction" : "Get User",
    "sampleCount" : 5532,
    "errorCount" : 5432,
    "errorPct" : 98.19234,
    "meanResTime" : 358.8761749819223,
    "medianResTime" : 174.0,
    "minResTime" : 155.0,
    "maxResTime" : 11170.0,
    "pct1ResTime" : 926.6999999999998,
    "pct2ResTime" : 2164.0,
    "pct3ResTime" : 3179.67,
    "throughput" : 100.21739130434783,
    "receivedKBytesPerSec" : 83.42504528985506,
    "sentKBytesPerSec" : 19.084366508152172
  },
  "Total" : {
    "transaction" : "Total",
    "sampleCount" : 5532,
    "errorCount" : 5432,
    "errorPct" : 98.19234,
    "meanResTime" : 358.8761749819223,
    "medianResTime" : 174.0,
    "minResTime" : 155.0,
    "maxResTime" : 11170.0,
    "pct1ResTime" : 926.6999999999998,
    "pct2ResTime" : 2164.0,
    "pct3ResTime" : 3179.67,
    "throughput" : 100.21739130434783,
    "receivedKBytesPerSec" : 83.42504528985506,
    "sentKBytesPerSec" : 19.084366508152172
  }
}